-- ============================================
-- 智慧物业管理系统 — 演示数据
-- ⚠️  仅供开发测试使用，禁止导入生产环境
-- ⚠️  所有数据（姓名、手机、邮箱、地址等）均为虚构示例
-- ============================================

SET NAMES utf8mb4;

-- -------------------------- 演示用户 (密码: 123456) --------------------------
-- bcrypt hash matches init.sql admin password
INSERT IGNORE INTO sys_user (id, username, password, real_name, phone, email, role_id, status) VALUES
(2, 'zhangsan',   '$2b$10$ItG3jyKWSusKaDAtcBeOFOwjZLHJg1zj0VtXYw8Xm/NtKkxwMOFc2', '张三',   '13800001111', 'zhangsan@test.com',   2, 1),
(3, 'lisi',       '$2b$10$ItG3jyKWSusKaDAtcBeOFOwjZLHJg1zj0VtXYw8Xm/NtKkxwMOFc2', '李四',   '13800002222', 'lisi@test.com',       2, 1),
(4, 'wangwu',     '$2b$10$ItG3jyKWSusKaDAtcBeOFOwjZLHJg1zj0VtXYw8Xm/NtKkxwMOFc2', '王五',   '13800003333', 'wangwu@test.com',     2, 1),
(5, 'zhaoliu',    '$2b$10$ItG3jyKWSusKaDAtcBeOFOwjZLHJg1zj0VtXYw8Xm/NtKkxwMOFc2', '赵六',   '13800004444', 'zhaoliu@test.com',    2, 1),
(6, 'qianqi',     '$2b$10$ItG3jyKWSusKaDAtcBeOFOwjZLHJg1zj0VtXYw8Xm/NtKkxwMOFc2', '钱七',   '13800005555', 'qianqi@test.com',     2, 1),
(7, 'sunba',      '$2b$10$ItG3jyKWSusKaDAtcBeOFOwjZLHJg1zj0VtXYw8Xm/NtKkxwMOFc2', '孙八',   '13800006666', 'sunba@test.com',      2, 1),
(8, 'zhoujiu',    '$2b$10$ItG3jyKWSusKaDAtcBeOFOwjZLHJg1zj0VtXYw8Xm/NtKkxwMOFc2', '周九',   '13800007777', 'zhoujiu@test.com',    2, 1),
(9, 'wushi',      '$2b$10$ItG3jyKWSusKaDAtcBeOFOwjZLHJg1zj0VtXYw8Xm/NtKkxwMOFc2', '吴十',   '13800008888', 'wushi@test.com',      2, 1),
(10,'zhengsy',    '$2b$10$ItG3jyKWSusKaDAtcBeOFOwjZLHJg1zj0VtXYw8Xm/NtKkxwMOFc2', '郑十一', '13800009999', 'zhengsy@test.com',    2, 1),
(11,'fengse',     '$2b$10$ItG3jyKWSusKaDAtcBeOFOwjZLHJg1zj0VtXYw8Xm/NtKkxwMOFc2', '冯十二', '13800010000', 'fengse@test.com',     2, 1),
(12,'chensan',    '$2b$10$ItG3jyKWSusKaDAtcBeOFOwjZLHJg1zj0VtXYw8Xm/NtKkxwMOFc2', '陈十三', '13800011111', 'chensan@test.com',    2, 1),
(13,'chuss',      '$2b$10$ItG3jyKWSusKaDAtcBeOFOwjZLHJg1zj0VtXYw8Xm/NtKkxwMOFc2', '褚十四', '13800012222', 'chuss@test.com',      2, 1),
(14,'weissw',     '$2b$10$ItG3jyKWSusKaDAtcBeOFOwjZLHJg1zj0VtXYw8Xm/NtKkxwMOFc2', '卫十五', '13800013333', 'weissw@test.com',     2, 1),
(15,'jiangsl',    '$2b$10$ItG3jyKWSusKaDAtcBeOFOwjZLHJg1zj0VtXYw8Xm/NtKkxwMOFc2', '蒋十六', '13800014444', 'jiangsl@test.com',    2, 1);

-- -------------------------- 资产数据 --------------------------
-- owner_id: NULL for buildings, matched user ID for leaf nodes
INSERT IGNORE INTO bus_house (id, parent_id, name, type, area, status, owner_name, owner_phone, owner_id) VALUES
(1, 0, 'A栋综合楼',        'BUILDING',    5000.00, 'OCCUPIED', NULL,   NULL,          NULL),
(2, 1, 'A101商铺',         'SHOP',         120.50, 'OCCUPIED', '张三', '13800001111', 2),
(3, 1, 'A102商铺',         'SHOP',          98.00, 'VACANT',   NULL,   NULL,          NULL),
(4, 1, 'A201住宅',         'RESIDENTIAL',   89.50, 'SOLD',     '李四', '13800002222', 3),
(5, 0, 'B栋综合楼',        'BUILDING',    3800.00, 'OCCUPIED', NULL,   NULL,          NULL),
(6, 5, 'B101办公楼',       'UNIT',         200.00, 'RENTING',  '王五', '13800003333', 4),
(7, 5, 'B202住宅',         'RESIDENTIAL',   76.00, 'VACANT',   NULL,   NULL,          NULL),
(8, 1, 'A301住宅',         'RESIDENTIAL',   92.00, 'OCCUPIED', '赵六', '13800004444', 5),
(9, 1, 'A302住宅',         'RESIDENTIAL',   88.00, 'RENTING',  '钱七', '13800005555', 6),
(10, 1, 'A401住宅',         'RESIDENTIAL',  105.00, 'SOLD',     '孙八', '13800006666', 7),
(11, 5, 'B103商铺',         'SHOP',          65.00, 'OCCUPIED', '周九', '13800007777', 8),
(12, 5, 'B201办公室',       'UNIT',         150.00, 'RENTING',  '吴十', '13800008888', 9),
(13, 0, 'C栋住宅楼',       'BUILDING',    4200.00, 'OCCUPIED', NULL,   NULL,          NULL),
(14, 13, 'C101住宅',        'RESIDENTIAL',   78.00, 'OCCUPIED', '郑十一', '13800009999',10),
(15, 13, 'C102住宅',        'RESIDENTIAL',   82.00, 'SOLD',     '冯十二', '13800010000',11),
(16, 13, 'C201住宅',        'RESIDENTIAL',   78.00, 'RENTING',  '陈十三', '13800011111',12),
(17, 13, 'C301住宅',        'RESIDENTIAL',   95.00, 'OCCUPIED', '褚十四', '13800012222',13),
(18, 0, 'D栋商业楼',       'BUILDING',    3600.00, 'OCCUPIED', NULL,   NULL,          NULL),
(19, 18, 'D101商铺',        'SHOP',         180.00, 'OCCUPIED', '卫十五', '13800013333',14),
(20, 18, 'D102商铺',        'SHOP',         150.00, 'RENTING',  '蒋十六', '13800014444',15);

-- -------------------------- 合同数据 --------------------------
INSERT INTO bus_contract (id, house_id, tenant_name, rent_amount, start_date, end_date, increase_rate, deposit, contract_status) VALUES
(1, 2,  '张三大药房',       8500.00,  '2025-01-01', '2027-12-31', 5.00, 17000.00, 1),
(2, 6,  '王五科技公司',     12000.00, '2025-03-01', '2028-02-28', 3.00, 24000.00, 1),
(3, 11, '周九便利店',       4500.00,  '2025-06-01', '2027-05-31', 4.00,  9000.00, 1),
(4, 12, '吴十咨询公司',     9800.00,  '2025-09-01', '2028-08-31', 5.00, 19600.00, 1),
(5, 9,  '钱七教育机构',     6200.00,  '2026-01-01', '2028-12-31', 3.00, 12400.00, 1),
(6, 16, '陈十三设计工作室',  5500.00,  '2026-02-01', '2029-01-31', 4.00, 11000.00, 1),
(7, 20, '蒋十六餐饮公司',  11000.00,  '2026-04-01', '2029-03-31', 5.00, 22000.00, 1),
(8, 19, '卫十五超市',      15000.00,  '2025-01-01', '2028-12-31', 5.00, 30000.00, 0);

-- -------------------------- 账单批次 --------------------------
INSERT INTO bus_bill_batch (id, batch_no, fee_type, target_range, total_count, total_amount, status, operator) VALUES
(1, 'BATCH-2026-05',   '物业费', '全项目', 20, 85400.00, 'COMPLETED', '系统管理员'),
(2, 'BATCH-2026-04',   '物业费', '全项目', 20, 85200.00, 'COMPLETED', '系统管理员'),
(3, 'BATCH-2026-03',   '物业费', '全项目', 20, 85000.00, 'COMPLETED', '系统管理员'),
(4, 'BATCH-2025-Q2',   '水费',   'A栋',     4,  3200.00, 'COMPLETED', '系统管理员');

-- -------------------------- 账单明细 --------------------------
INSERT INTO bus_bill (id, batch_id, house_id, bill_no, amount, type, pay_status, deadline) VALUES
(1,  1, 2,  'BILL-2605-001', 8500.00,  '物业费', 1, '2026-06-15'),
(2,  1, 6,  'BILL-2605-002', 12000.00, '物业费', 1, '2026-06-15'),
(3,  1, 11, 'BILL-2605-003', 4500.00,  '物业费', 1, '2026-06-15'),
(4,  1, 12, 'BILL-2605-004', 9800.00,  '物业费', 1, '2026-06-15'),
(5,  1, 9,  'BILL-2605-005', 6200.00,  '物业费', 0, '2026-06-15'),
(6,  1, 16, 'BILL-2605-006', 5500.00,  '物业费', 0, '2026-06-15'),
(7,  1, 20, 'BILL-2605-007', 11000.00, '物业费', 0, '2026-06-15'),
(8,  1, 8,  'BILL-2605-008', 3800.00,  '物业费', 0, '2026-06-15'),
(9,  1, 14, 'BILL-2605-009', 3200.00,  '物业费', 0, '2026-06-15'),
(10, 1, 17, 'BILL-2605-010', 4000.00,  '物业费', 0, '2026-06-15'),
(11, 1, 19, 'BILL-2605-011', 15000.00, '物业费', 1, '2026-06-15'),
(12, 1, 10, 'BILL-2605-012', 4200.00,  '物业费', 0, '2026-06-15'),
(13, 2, 2,  'BILL-2604-001', 8500.00,  '物业费', 1, '2026-05-15'),
(14, 2, 6,  'BILL-2604-002', 12000.00, '物业费', 1, '2026-05-15'),
(15, 2, 11, 'BILL-2604-003', 4500.00,  '物业费', 1, '2026-05-15'),
(16, 3, 2,  'BILL-2603-001', 8500.00,  '物业费', 1, '2026-04-15'),
(17, 3, 6,  'BILL-2603-002', 12000.00, '物业费', 1, '2026-04-15');

-- -------------------------- 缴费记录 --------------------------
INSERT INTO bus_payment_record (id, trx_no, bill_id, house_id, pay_amount, pay_type, status, pay_time, operator) VALUES
(1, 'TRX-20260501-001', 1,  2,  8500.00,  'WECHAT',   1, '2026-05-05 10:30:00', '张三'),
(2, 'TRX-20260502-001', 2,  6,  12000.00, 'TRANSFER', 1, '2026-05-06 14:20:00', '王五'),
(3, 'TRX-20260503-001', 3,  11, 4500.00,  'ALIPAY',   1, '2026-05-07 09:15:00', '周九'),
(4, 'TRX-20260504-001', 11, 19, 15000.00, 'TRANSFER', 1, '2026-05-08 16:45:00', '卫十五'),
(5, 'TRX-20260410-001', 13, 2,  8500.00,  'WECHAT',   1, '2026-04-10 11:00:00', '张三'),
(6, 'TRX-20260411-001', 14, 6,  12000.00, 'TRANSFER', 1, '2026-04-11 15:30:00', '王五'),
(7, 'TRX-20260315-001', 16, 2,  8500.00,  'WECHAT',   1, '2026-03-15 10:00:00', '张三');

-- -------------------------- 报修工单 (reporter_id matched to owner) --------------------------
INSERT INTO bus_repair (id, repair_no, house_id, content, reporter, reporter_id, worker_id, status, priority, create_time, finish_time) VALUES
(1, 'REP-20260501', 2,  '商铺门头灯箱不亮，需要检修。',          '张三',   2,   1, 1, 2, '2026-05-01 09:00:00', '2026-05-02 11:00:00'),
(2, 'REP-20260510', 8,  '卫生间水管漏水，墙面已出现水渍。',     '赵六',   5,   1, 1, 3, '2026-05-10 14:30:00', '2026-05-11 16:00:00'),
(3, 'REP-20260515', 14, '空调制冷效果差，需要加氟或检修。',     '郑十一', 10, NULL, 0, 2, '2026-05-15 08:20:00', NULL),
(4, 'REP-20260518', 19, '商铺卷帘门卡顿，升降不顺畅。',        '卫十五', 14,  1, 0, 1, '2026-05-18 10:00:00', NULL),
(5, 'REP-20260520', 12, '办公室电路跳闸，怀疑线路老化。',       '吴十',   9,  NULL, 0, 3, '2026-05-20 16:45:00', NULL),
(6, 'REP-20260405', 6,  '中央空调不制热，冬季供暖受影响。',     '王五',   4,   1, 1, 3, '2026-04-05 07:30:00', '2026-04-06 18:00:00'),
(7, 'REP-20260320', 11, '店铺门口地砖破损，存在安全隐患。',     '周九',   8,   1, 1, 1, '2026-03-20 13:00:00', '2026-03-22 10:00:00');

-- -------------------------- 投诉建议 (reporter_id matched to user) --------------------------
INSERT INTO bus_complaint (id, complaint_no, category, content, source, reporter_id, status, handle_result) VALUES
(1, 'CMP-20260501', '环境卫生', '小区垃圾分类点清理不及时，异味严重，希望加强管理。',        '业主APP',  2, 1, '已安排保洁人员每日定时清理，增设分类指引标识。'),
(2, 'CMP-20260505', '噪音扰民', 'B栋101办公楼装修施工噪音过大，周末也在施工，影响休息。',  '电话投诉',  1, 1, '已与施工方沟通，要求严格执行施工时间规定，周末禁止噪音施工。'),
(3, 'CMP-20260510', '停车管理', '小区外来车辆占用业主车位现象严重，建议启用智能道闸系统。', '业主APP',  4, 0, NULL),
(4, 'CMP-20260512', '安保问题', 'C栋单元门禁损坏两周未修复，外人可随意进出。',              '现场反映', 10, 0, NULL),
(5, 'CMP-20260420', '物业费争议', '业主质疑物业费收费标准不透明，要求公示费用明细。',        '业主APP',  3, 1, '已公示物业服务项目及收费标准，并安排专人向业主解释。'),
(6, 'CMP-20260315', '绿化养护', 'A栋周边的绿植枯死未更换，草坪大面积裸露。',               '电话投诉',  1, 1, '已安排绿化公司在春季统一补种，加强日常浇水养护。');

-- -------------------------- 系统公告 --------------------------
INSERT INTO sys_notice (id, title, content, target_type, status, view_count) VALUES
(1, '关于2026年第二季度物业费缴纳的通知',
   '<p>尊敬的各位业主：</p><p>2026年第二季度（4-6月）物业费现已开始缴纳，请各位业主在<b>2026年6月15日</b>前完成缴费。</p><p>缴费方式：</p><ul><li>微信/支付宝扫码缴费</li><li>银行转账</li><li>物业服务中心现金缴纳</li></ul><p>逾期未缴纳将产生滞纳金，感谢您的配合！</p>',
   'ALL', 'PUBLISHED', 328),
(2, '小区夏季消防安全检查通知',
   '<p>各位业主：</p><p>为保障小区消防安全，物业将于<b>2026年6月1日-6月5日</b>对各楼栋进行消防安全检查，届时请家中留人或提前与物业联系安排时间。</p><p>检查内容包括：消防设施、电气线路、燃气管道等。</p>',
   'ALL', 'PUBLISHED', 186),
(3, '六一儿童节社区活动邀请函',
   '<p>亲爱的小朋友们和家长们：</p><p>为庆祝六一儿童节，物业将举办<b>"快乐童年"主题游园活动</b>。</p><p>时间：2026年6月1日 9:00-17:00</p><p>地点：小区中心广场</p><p>活动内容：趣味游戏、手工DIY、亲子互动等，参与即有精美礼品！</p>',
   'ALL', 'PUBLISHED', 412),
(4, '关于A栋电梯维护保养的温馨提示',
   '<p>A栋业主请注意：</p><p>电梯维保单位将于<b>2026年5月28日 9:00-12:00</b>对A栋两部电梯进行例行维护保养，届时电梯将暂停使用。请提前做好准备，给您带来不便敬请谅解。</p>',
   'BUILDING', 'PUBLISHED', 95),
(5, '物业服务中心2026年端午节放假通知',
   '<p>根据国家法定节假日安排，物业服务中心端午节期间（6月9日-6月11日）将安排人员值班。</p><p>值班时间：9:00-17:00</p><p>紧急报修请拨打24小时服务热线：400-888-0000</p>',
   'ALL', 'PUBLISHED', 67);
